query,expected,retrieved_title,rank,llm_score,llm_reason
Farm boy joins a galactic rebellion and learns about the Force,Star Wars,The Empire Strikes Back,1,2,"The Empire Strikes Back features Luke Skywalker, a farm boy who joins the rebellion and learns the Force, but it is not the exact requested title (Star Wars Episode IV)."
Farm boy joins a galactic rebellion and learns about the Force,Star Wars,Star Wars,2,3,Star Wars is the exact film matching the query about a farm boy joining a galactic rebellion and learning the Force.
Farm boy joins a galactic rebellion and learns about the Force,Star Wars,Rebel Moon - Part One: A Child of Fire,3,0,Rebel Moon is unrelated to the farm boy/Force storyline and does not match the query.
Hobbit journeys to a volcano to destroy a powerful ring,The Lord of the Rings: The Fellowship of the Ring,The Lord of the Rings: The Fellowship of the Ring,1,3,Exact title match and overview directly describes the hobbit's quest to destroy the ring in a volcano.
Hobbit journeys to a volcano to destroy a powerful ring,The Lord of the Rings: The Fellowship of the Ring,The Lord of the Rings: The Return of the King,2,2,"Same series and similar plot about destroying the ring, but it is a different film (The Return of the King)."
Hobbit journeys to a volcano to destroy a powerful ring,The Lord of the Rings: The Fellowship of the Ring,The Lord of the Rings: The Two Towers,3,1,"Related film in the same series, but focuses on a different part of the quest and does not center on the volcano journey."
The patriarch of a crime dynasty transfers control to his reluctant son,The Godfather,The Godfather,1,3,Exact match: The Godfather directly matches the query about a crime patriarch transferring control to his reluctant son.
The patriarch of a crime dynasty transfers control to his reluctant son,The Godfather,Gloria,2,0,Irrelevant: Gloria is unrelated to the described crime dynasty storyline.
The patriarch of a crime dynasty transfers control to his reluctant son,The Godfather,The Mobfathers,3,1,"Partial relevance: The Mobfathers involves a crime leader choosing a successor, but it does not match the specific plot of The Godfather."
